Workbook

Sheet Pages
A1: Phase | B1: Module | C1: Section # | D1: Page name | E1: Page type | F1: URL | G1: SEO title | H1: SEO title done? | I1: SEO description | J1: SEO desc done? | K1: Title chars | L1: Desc chars | M1: Content created? | N1: Content QA'd? | O1: Final result
D2: Adobe Analytics Glossary | E2: Glossary | F2: /adobe-analytics-learning/glossary/ | G2: Adobe Analytics Glossary of Terms | H2: Yes | I2: Plain-language definitions of Adobe Analytics terms: props, eVars, events, dimensions, metrics, segments, and the rest of the vocabulary. | J2: Yes | K2: 33 | L2: 137 | M2: No | N2: No | O2: =IF(AND(H2="Yes",J2="Yes",M2="Yes",N2="Yes"),"Yes","No")
D3: Adobe Analytics Learning | E3: Home | F3: /adobe-analytics-learning/ | G3: Adobe Analytics: A Practitioner's Learning Guide | H3: Yes | I3: A practitioner's guide to Adobe Analytics: not what the buttons do, but why the features exist, how they fit together, and where the traps are. | J3: Yes | K3: 48 | L3: 143 | M3: Yes | N3: Yes | O3: =IF(AND(H3="Yes",J3="Yes",M3="Yes",N3="Yes"),"Yes","No")
A4: Foundations | D4: Start with the foundations | E4: Category landing | F4: /adobe-analytics-learning/foundations/ | G4: Adobe Analytics Foundations | H4: Yes | I4: What Adobe Analytics is, where its data lands, and which variables carry that data. Everything later in this curriculum rests on these three. | J4: Yes | K4: 27 | L4: 141 | M4: No | N4: No | O4: =IF(AND(H4="Yes",J4="Yes",M4="Yes",N4="Yes"),"Yes","No")
A5: Foundations | B5: adobe-analytics-fundamentals | D5: Adobe Analytics Fundamentals | E5: Module landing | F5: /adobe-analytics-learning/foundations/adobe-analytics-fundamentals/ | G5: Adobe Analytics Fundamentals | H5: Yes | I5: What Adobe Analytics actually is, why it exists when you already have server logs and a CRM, and how the pieces fit together. | J5: Yes | K5: 28 | L5: 125 | M5: No | N5: No | O5: =IF(AND(H5="Yes",J5="Yes",M5="Yes",N5="Yes"),"Yes","No")
A6: Foundations | B6: adobe-analytics-fundamentals | C6: 1 | D6: What Is Adobe Analytics | E6: Section | F6: /adobe-analytics-learning/foundations/adobe-analytics-fundamentals/what-is-adobe-analytics/ | G6: What Is Adobe Analytics? A Practitioner's Introduction | H6: Yes | I6: What Adobe Analytics is, why it exists when you already have server logs and a CRM, and what it actually does for you. | J6: Yes | K6: 54 | L6: 118 | M6: Yes | N6: Yes | O6: =IF(AND(H6="Yes",J6="Yes",M6="Yes",N6="Yes"),"Yes","No")
A7: Foundations | B7: adobe-analytics-fundamentals | C7: 2 | D7: Adobe Analytics Ecosystem | E7: Section | F7: /adobe-analytics-learning/foundations/adobe-analytics-fundamentals/adobe-analytics-ecosystem/ | G7: The Adobe Analytics Ecosystem Explained | H7: Yes | I7: Adobe Analytics is not one tool but an ecosystem. What each piece does, which two you meet first, and how they fit together. | J7: Yes | K7: 39 | L7: 124 | M7: Yes | N7: Yes | O7: =IF(AND(H7="Yes",J7="Yes",M7="Yes",N7="Yes"),"Yes","No")
A8: Foundations | B8: adobe-analytics-fundamentals | C8: 3 | D8: Key Terminology | E8: Section | F8: /adobe-analytics-learning/foundations/adobe-analytics-fundamentals/key-terminology/ | G8: Adobe Analytics Terminology: Dimensions, Metrics, eVars | H8: Yes | I8: Dimensions, metrics, hits, visits, and visitors. The vocabulary you need first, and the eVar-versus-prop distinction that people consistently get wrong. | J8: Yes | K8: 55 | L8: 152 | M8: Yes | N8: Yes | O8: =IF(AND(H8="Yes",J8="Yes",M8="Yes",N8="Yes"),"Yes","No")
A9: Foundations | B9: adobe-analytics-fundamentals | C9: 4 | D9: Adobe Analytics vs Google Analytics | E9: Section | F9: /adobe-analytics-learning/foundations/adobe-analytics-fundamentals/adobe-analytics-vs-google-analytics/ | G9: Adobe Analytics vs Google Analytics Compared | H9: Yes | I9: How Adobe Analytics compares with Google Analytics and the rest of the market, and the data model difference that drives every other difference. | J9: Yes | K9: 44 | L9: 144 | M9: Yes | N9: Yes | O9: =IF(AND(H9="Yes",J9="Yes",M9="Yes",N9="Yes"),"Yes","No")
A10: Foundations | B10: adobe-analytics-fundamentals | C10: 5 | D10: Account Structure and Access | E10: Section | F10: /adobe-analytics-learning/foundations/adobe-analytics-fundamentals/account-structure-access/ | G10: Adobe Analytics Account Structure and Access | H10: Yes | I10: Organizations, product profiles, and permissions. How access is really controlled in Adobe Analytics, and what a product profile actually governs. | J10: Yes | K10: 44 | L10: 146 | M10: Yes | N10: Yes | O10: =IF(AND(H10="Yes",J10="Yes",M10="Yes",N10="Yes"),"Yes","No")
A11: Foundations | B11: report-suites | D11: Report Suites | E11: Module landing | F11: /adobe-analytics-learning/foundations/report-suites/ | G11: Report Suites in Adobe Analytics | H11: Yes | I11: Report suites are the boxes your data lands in. How many you need, how to configure them, and the choices you cannot undo later. | J11: Yes | K11: 32 | L11: 128 | M11: No | N11: No | O11: =IF(AND(H11="Yes",J11="Yes",M11="Yes",N11="Yes"),"Yes","No")
A12: Foundations | B12: report-suites | C12: 1 | D12: What Are Report Suites | E12: Section | F12: /adobe-analytics-learning/foundations/report-suites/what-are-report-suites/ | G12: What Are Report Suites in Adobe Analytics? | H12: Yes | I12: What a report suite is, what defines one, and the first architectural question every implementation has to answer: how many boxes do you need? | J12: Yes | K12: 42 | L12: 142 | M12: Yes | N12: Yes | O12: =IF(AND(H12="Yes",J12="Yes",M12="Yes",N12="Yes"),"Yes","No")
A13: Foundations | B13: report-suites | C13: 2 | D13: Global vs Individual Report Suites | E13: Section | F13: /adobe-analytics-learning/foundations/report-suites/global-vs-individual-report-suites/ | G13: Global vs Individual Report Suites | H13: Yes | I13: One global report suite, or a separate suite per business unit? The trade-offs, and how to give every team its own view without splitting the archive. | J13: Yes | K13: 34 | L13: 150 | M13: Yes | N13: Yes | O13: =IF(AND(H13="Yes",J13="Yes",M13="Yes",N13="Yes"),"Yes","No")
A14: Foundations | B14: report-suites | C14: 3 | D14: Virtual Report Suites | E14: Section | F14: /adobe-analytics-learning/foundations/report-suites/virtual-report-suites/ | G14: Virtual Report Suites (VRS) in Adobe Analytics | H14: Yes | I14: Virtual report suites are database views for your analytics data. One suite, one differentiator, many views, and what a VRS lets you do. | J14: Yes | K14: 46 | L14: 136 | M14: Yes | N14: Yes | O14: =IF(AND(H14="Yes",J14="Yes",M14="Yes",N14="Yes"),"Yes","No")
A15: Foundations | B15: report-suites | C15: 4 | D15: Report Suite Settings | E15: Section | F15: /adobe-analytics-learning/foundations/report-suites/report-suite-settings/ | G15: Adobe Analytics Report Suite Settings | H15: Yes | I15: The report suite settings panel, explained: general account settings, internal URL filters, bot rules, and the data-quality foundation underneath them. | J15: Yes | K15: 37 | L15: 151 | M15: Yes | N15: Yes | O15: =IF(AND(H15="Yes",J15="Yes",M15="Yes",N15="Yes"),"Yes","No")
A16: Foundations | B16: report-suites | C16: 5 | D16: Multi-Suite Tagging | E16: Section | F16: /adobe-analytics-learning/foundations/report-suites/multi-suite-tagging/ | G16: Multi-Suite Tagging in Adobe Analytics | H16: Yes | I16: Sending one hit to several report suites at once. When multi-suite tagging is right, when a virtual report suite is cheaper, and how to choose. | J16: Yes | K16: 38 | L16: 143 | M16: Yes | N16: Yes | O16: =IF(AND(H16="Yes",J16="Yes",M16="Yes",N16="Yes"),"Yes","No")
A17: Foundations | B17: report-suites | C17: 6 | D17: Bot Filtering | E17: Section | F17: /adobe-analytics-learning/foundations/report-suites/bot-filtering/ | G17: Bot Filtering in Adobe Analytics | H17: Yes | I17: How Adobe Analytics removes automated, non-human traffic before it is counted: the IAB bot list, custom bot rules, and what filtering does and does not clean. | J17: Yes | K17: 32 | L17: 158 | M17: No | N17: No | O17: =IF(AND(H17="Yes",J17="Yes",M17="Yes",N17="Yes"),"Yes","No")
A18: Foundations | B18: report-suites | C18: 7 | D18: Privacy and Data Retention | E18: Section | F18: /adobe-analytics-learning/foundations/report-suites/privacy-data-retention/ | G18: Privacy and Data Retention in Adobe Analytics | H18: Yes | I18: How Adobe Analytics governs personal data: data retention periods, IP obfuscation, and the labeling that supports GDPR and CCPA compliance. | J18: Yes | K18: 45 | L18: 139 | M18: No | N18: No | O18: =IF(AND(H18="Yes",J18="Yes",M18="Yes",N18="Yes"),"Yes","No")
A19: Foundations | B19: report-suites | C19: 8 | D19: Report Suite Best Practices | E19: Section | F19: /adobe-analytics-learning/foundations/report-suites/best-practices/ | G19: Report Suite Best Practices in Adobe Analytics | H19: Yes | I19: Naming conventions, mirrored production and non-production suites, foundational variables before go-live, and why documentation is the organization's decision. | J19: Yes | K19: 46 | L19: 159 | M19: Yes | N19: Yes | O19: =IF(AND(H19="Yes",J19="Yes",M19="Yes",N19="Yes"),"Yes","No")
A20: Foundations | B20: variables | D20: Variables: Props, eVars, and Events | E20: Module landing | F20: /adobe-analytics-learning/foundations/variables/ | G20: Adobe Analytics Variables: Props, eVars, Events | H20: Yes | I20: Props, eVars, events, the products string, and list variables. What each one is for, and the traps that quietly corrupt your data. | J20: Yes | K20: 47 | L20: 130 | M20: No | N20: No | O20: =IF(AND(H20="Yes",J20="Yes",M20="Yes",N20="Yes"),"Yes","No")
A21: Foundations | B21: variables | C21: 1 | D21: Props (Traffic Variables) | E21: Section | F21: /adobe-analytics-learning/foundations/variables/props-traffic-variables/ | G21: Props (Traffic Variables) in Adobe Analytics | H21: Yes | I21: Props are traffic variables, written in pencil. What they are for, their capacity and limits, and the two jobs they are quietly better at than eVars. | J21: Yes | K21: 44 | L21: 149 | M21: Yes | N21: Yes | O21: =IF(AND(H21="Yes",J21="Yes",M21="Yes",N21="Yes"),"Yes","No")
A22: Foundations | B22: variables | C22: 2 | D22: eVars (Conversion Variables) | E22: Section | F22: /adobe-analytics-learning/foundations/variables/evars-conversion-variables/ | G22: eVars (Conversion Variables) in Adobe Analytics | H22: Yes | I22: eVars persist, and persistence is the whole point. Expiration, allocation, merchandising eVars, and who actually gets the credit for a conversion. | J22: Yes | K22: 47 | L22: 146 | M22: Yes | N22: Yes | O22: =IF(AND(H22="Yes",J22="Yes",M22="Yes",N22="Yes"),"Yes","No")
A23: Foundations | B23: variables | C23: 3 | D23: Events (Success Events) | E23: Section | F23: /adobe-analytics-learning/foundations/variables/events-success-events/ | G23: Success Events in Adobe Analytics | H23: Yes | I23: Success events count the things that matter. Counter, numeric, and currency events, serialization to stop double-counting, and the setting you need to know. | J23: Yes | K23: 33 | L23: 156 | M23: Yes | N23: Yes | O23: =IF(AND(H23="Yes",J23="Yes",M23="Yes",N23="Yes"),"Yes","No")
A24: Foundations | B24: variables | C24: 4 | D24: Default and Reserved Variables | E24: Section | F24: /adobe-analytics-learning/foundations/variables/default-reserved-variables/ | G24: Default and Reserved Variables in Adobe Analytics | H24: Yes | I24: pageName, campaign, and the reserved variables Adobe fills for you. Small variables with big consequences, and the two IDs people constantly mix up. | J24: Yes | K24: 49 | L24: 148 | M24: Yes | N24: Yes | O24: =IF(AND(H24="Yes",J24="Yes",M24="Yes",N24="Yes"),"Yes","No")
A25: Foundations | B25: variables | C25: 5 | D25: The Products String | E25: Section | F25: /adobe-analytics-learning/foundations/variables/products-string/ | G25: The Adobe Analytics Products String | H25: Yes | I25: The products variable runs your whole ecommerce funnel through one string. Its six positions, its three delimiters, and the traps that corrupt commerce data. | J25: Yes | K25: 35 | L25: 157 | M25: Yes | N25: Yes | O25: =IF(AND(H25="Yes",J25="Yes",M25="Yes",N25="Yes"),"Yes","No")
A26: Foundations | B26: variables | C26: 6 | D26: List Variables and List Props | E26: Section | F26: /adobe-analytics-learning/foundations/variables/list-variables-list-props/ | G26: List Variables and List Props in Adobe Analytics | H26: Yes | I26: List variables and list props hold several values in one hit. What each is for, the settings worth knowing, and why you have to guard your three. | J26: Yes | K26: 48 | L26: 145 | M26: Yes | N26: Yes | O26: =IF(AND(H26="Yes",J26="Yes",M26="Yes",N26="Yes"),"Yes","No")
A27: Foundations | B27: variables | C27: 7 | D27: Context Data Variables | E27: Section | F27: /adobe-analytics-learning/foundations/variables/context-data-variables/ | G27: Context Data Variables in Adobe Analytics | H27: Yes | I27: Context data variables let you send data without spending a variable slot. What it buys you, why it is not optional on mobile, and where this is heading. | J27: Yes | K27: 41 | L27: 153 | M27: Yes | N27: Yes | O27: =IF(AND(H27="Yes",J27="Yes",M27="Yes",N27="Yes"),"Yes","No")
A28: Foundations | B28: variables | C28: 8 | D28: Variable Planning | E28: Section | F28: /adobe-analytics-learning/foundations/variables/variable-planning/ | G28: Adobe Analytics Variable Planning and the SDR | H28: Yes | I28: Start from the report you want, not from the variables. The planning process step by step, and the solution design reference that holds it together. | J28: Yes | K28: 45 | L28: 148 | M28: Yes | N28: Yes | O28: =IF(AND(H28="Yes",J28="Yes",M28="Yes",N28="Yes"),"Yes","No")
A29: Collect | D29: Collect the data | E29: Category landing | F29: /adobe-analytics-learning/collect/ | G29: Collecting Data in Adobe Analytics | H29: Yes | I29: How data gets from a page or app into Adobe: the collection methods, the data layer that feeds them, the tag manager that fires them, and the tracking calls that carry the payload. | J29: Yes | K29: 34 | L29: 180 | M29: No | N29: No | O29: =IF(AND(H29="Yes",J29="Yes",M29="Yes",N29="Yes"),"Yes","No")
A30: Collect | B30: adobe-launch-tags | D30: Adobe Launch (Tags) | E30: Module landing | F30: /adobe-analytics-learning/collect/adobe-launch-tags/ | G30: Adobe Launch (Tags) for Analytics | H30: Yes | I30: Adobe Experience Platform Tags, formerly Launch. Properties, extensions, data elements, rules, and the publishing workflow that keeps production safe. | J30: Yes | K30: 33 | L30: 150 | M30: No | N30: No | O30: =IF(AND(H30="Yes",J30="Yes",M30="Yes",N30="Yes"),"Yes","No")
A31: Collect | B31: adobe-launch-tags | C31: 1 | D31: Launch Architecture | E31: Section | F31: /adobe-analytics-learning/collect/adobe-launch-tags/launch-architecture/ | H31: No | I31: What Launch actually is, why Adobe built it rather than leaving you on Tealium or Google Tag Manager, and how it is organized. | J31: Yes | K31: 0 | L31: 126 | M31: Yes | N31: Yes | O31: Locked
A32: Collect | B32: adobe-launch-tags | C32: 2 | D32: Properties | E32: Section | F32: /adobe-analytics-learning/collect/adobe-launch-tags/properties/ | H32: No | I32: A property is one script, one scope, one team. What it holds, why property design matters more than it looks, and the _satellite object underneath. | J32: Yes | K32: 0 | L32: 147 | M32: Yes | N32: Yes | O32: Locked
A33: Collect | B33: adobe-launch-tags | C33: 3 | D33: Extensions | E33: Section | F33: /adobe-analytics-learning/collect/adobe-launch-tags/extensions/ | H33: No | I33: Extensions are how Launch becomes a platform rather than a script loader. What an extension really is, its anatomy, and why Adobe put its own products in it. | J33: Yes | K33: 0 | L33: 157 | M33: Yes | N33: Yes | O33: Locked
A34: Collect | B34: adobe-launch-tags | C34: 4 | D34: Data Elements | E34: Section | F34: /adobe-analytics-learning/collect/adobe-launch-tags/data-elements/ | H34: No | I34: A data element is not just a variable, it carries capability. How it differs from the data layer, the types available, and why bypassing it costs you. | J34: Yes | K34: 0 | L34: 150 | M34: Yes | N34: Yes | O34: Locked
A35: Collect | B35: adobe-launch-tags | C35: 5 | D35: Rules | E35: Section | F35: /adobe-analytics-learning/collect/adobe-launch-tags/rules/ | H35: No | I35: Every Launch rule has three parts: events, conditions, and actions. What each one decides, and how rule sequence makes several rules work together. | J35: Yes | K35: 0 | L35: 147 | M35: Yes | N35: Yes | O35: Locked
A36: Collect | B36: adobe-launch-tags | C36: 6 | D36: Publishing Workflow | E36: Section | F36: /adobe-analytics-learning/collect/adobe-launch-tags/publishing-workflow/ | H36: No | I36: The four states a library moves through, the approval gates and why they exist, publishing day, and what to do when production goes wrong. | J36: Yes | K36: 0 | L36: 138 | M36: Yes | N36: Yes | O36: Locked
A37: Collect | B37: adobe-launch-tags | C37: 7 | D37: Environments | E37: Section | F37: /adobe-analytics-learning/collect/adobe-launch-tags/environments/ | G37: Environments and Embed Codes in Adobe Launch | H37: Yes | I37: Why Launch has development, staging, and production environments, why the last two are singular, and why you cannot edit them directly. | J37: Yes | K37: 44 | L37: 135 | M37: Yes | N37: Yes | O37: Locked
A38: Collect | B38: adobe-launch-tags | C38: 8 | D38: Consent and Tag Management | E38: Section | F38: /adobe-analytics-learning/collect/adobe-launch-tags/consent-and-tag-management/ | G38: Consent Management in Adobe Launch | H38: Yes | I38: This section is not yet written. | J38: Yes | K38: 34 | L38: 32 | M38: No | N38: No | O38: =IF(AND(H38="Yes",J38="Yes",M38="Yes",N38="Yes"),"Yes","No")
A39: Collect | B39: data-collection | D39: Data Collection | E39: Module landing | F39: /adobe-analytics-learning/collect/data-collection/ | G39: Data Collection in Adobe Analytics | H39: Yes | I39: How data actually gets from a browser or an app into Adobe Analytics: AppMeasurement, the Web SDK, server-side, mobile, and the data layer underneath. | J39: Yes | K39: 34 | L39: 150 | M39: No | N39: No | O39: =IF(AND(H39="Yes",J39="Yes",M39="Yes",N39="Yes"),"Yes","No")
A40: Collect | B40: data-collection | C40: 1 | D40: Collection Methods Overview | E40: Section | F40: /adobe-analytics-learning/collect/data-collection/collection-methods-overview/ | H40: No | I40: The four ways to capture data, the two questions that define every implementation, and how teams actually choose between them. | J40: Yes | K40: 0 | L40: 126 | M40: Yes | N40: Yes | O40: Locked
A41: Collect | B41: data-collection | C41: 2 | D41: AppMeasurement Library | E41: Section | F41: /adobe-analytics-learning/collect/data-collection/appmeasurement-library/ | H41: No | I41: How AppMeasurement really works: where it slips into the page, what the s object packs into a hit, and the linkTrackVars trap that haunts everyone. | J41: Yes | K41: 0 | L41: 147 | M41: Yes | N41: Yes | O41: Locked
A42: Collect | B42: data-collection | C42: 3 | D42: Adobe Web SDK | E42: Section | F42: /adobe-analytics-learning/collect/data-collection/adobe-web-sdk/ | H42: No | I42: Why Adobe froze AppMeasurement and built the Web SDK instead. What alloy.js is, where it sits, and the honest catch nobody mentions. | J42: Yes | K42: 0 | L42: 132 | M42: Yes | N42: Yes | O42: Locked
A43: Collect | B43: data-collection | C43: 4 | D43: Tag Management Systems | E43: Section | F43: /adobe-analytics-learning/collect/data-collection/tag-management-systems/ | G43: Tag Management Systems for Adobe Analytics | H43: Yes | I43: Deploy your tags directly in the page, or through a tag management system? What a TMS actually buys you, and when direct still makes sense. | J43: Yes | K43: 42 | L43: 139 | M43: Yes | N43: Yes | O43: Locked
A44: Collect | B44: data-collection | C44: 5 | D44: Server-Side Collection | E44: Section | F44: /adobe-analytics-learning/collect/data-collection/server-side-collection/ | H44: No | I44: Sending data to Adobe Analytics without a browser. The three server-side paths, the identity problem every server hit creates, and the timestamp trap. | J44: Yes | K44: 0 | L44: 150 | M44: Yes | N44: Yes | O44: Locked
A45: Collect | B45: data-collection | C45: 6 | D45: Mobile SDK | E45: Section | F45: /adobe-analytics-learning/collect/data-collection/mobile-sdk/ | H45: No | I45: The Adobe Mobile SDK is compiled, and that changes everything. trackState, trackAction, context data, and why offline is the normal case. | J45: Yes | K45: 0 | L45: 137 | M45: Yes | N45: Yes | O45: Locked
A46: Collect | B46: data-layers | D46: Data Layers | E46: Module landing | F46: /adobe-analytics-learning/collect/data-layers/ | G46: Data Layers in Adobe Analytics | H46: Yes | I46: What a data layer is, why Adobe built its own, and how to design one that survives a redesign. | J46: Yes | K46: 30 | L46: 94 | M46: No | N46: No | O46: =IF(AND(H46="Yes",J46="Yes",M46="Yes",N46="Yes"),"Yes","No")
A47: Collect | B47: data-layers | C47: 1 | D47: What Is a Data Layer | E47: Section | F47: /adobe-analytics-learning/collect/data-layers/what-is-a-data-layer/ | G47: What Is a Data Layer (W3C CEDDL) | H47: Yes | I47: The data layer is a contract between your developers and your analytics. Who builds it, why it is the most fragile thing you own, and the rule you never break. | J47: Yes | K47: 32 | L47: 159 | M47: Yes | N47: Yes | O47: Locked
A48: Collect | B48: data-layers | C48: 2 | D48: Adobe Client Data Layer (ACDL) | E48: Section | F48: /adobe-analytics-learning/collect/data-layers/adobe-client-data-layer/ | H48: No | I48: The Adobe Client Data Layer, step by step: declare, push, catch it in Launch. Where its event history earns its keep, and what it honestly costs. | J48: Yes | K48: 0 | L48: 145 | M48: Yes | N48: Yes | O48: Locked
A49: Collect | B49: data-layers | C49: 3 | D49: Do You Really Need ACDL? | E49: Section | F49: /adobe-analytics-learning/collect/data-layers/do-you-need-acdl/ | H49: No | I49: ACDL is not just technology, it is a bet about your team. What problem it really solves, why a simple model is often stronger, and the central trade-off. | J49: Yes | K49: 0 | L49: 153 | M49: Yes | N49: Yes | O49: Locked
A50: Collect | B50: data-layers | C50: 4 | D50: Data Layer Design | E50: Section | F50: /adobe-analytics-learning/collect/data-layers/data-layer-design/ | G50: Designing a Data Layer for Adobe Analytics | H50: Yes | I50: This section is not yet written. | J50: Yes | K50: 42 | L50: 32 | M50: No | N50: No | O50: =IF(AND(H50="Yes",J50="Yes",M50="Yes",N50="Yes"),"Yes","No")
A51: Collect | B51: tracking-calls | D51: Adobe Analytics Tracking Calls | E51: Module landing | F51: /adobe-analytics-learning/collect/tracking-calls/ | G51: Adobe Analytics Tracking Calls | H51: Yes | I51: Page view calls, link calls, and what each one costs you. SPA tracking, cross-domain identity, first-party cookies, and the server call bill. | J51: Yes | K51: 30 | L51: 141 | M51: No | N51: No | O51: =IF(AND(H51="Yes",J51="Yes",M51="Yes",N51="Yes"),"Yes","No")
A52: Collect | B52: tracking-calls | C52: 1 | D52: Page View Tracking | E52: Section | F52: /adobe-analytics-learning/collect/tracking-calls/page-view-tracking/ | G52: Page View Tracking in Adobe Analytics (s.t()) | H52: Yes | I52: The page view call, s.t(). Why there are two kinds of call at all, what a page view actually tells you, and the moment it fires. | J52: Yes | K52: 45 | L52: 128 | M52: Yes | N52: Yes | O52: Locked
A53: Collect | B53: tracking-calls | C53: 2 | D53: Link Tracking | E53: Section | F53: /adobe-analytics-learning/collect/tracking-calls/link-tracking/ | G53: Link Tracking in Adobe Analytics (s.tl()) | H53: Yes | I53: The custom link call, s.tl(). Why these calls carry the real weight of an implementation, the three link types, and how they differ from a page call. | J53: Yes | K53: 41 | L53: 149 | M53: Yes | N53: Yes | O53: Locked
A54: Collect | B54: tracking-calls | C54: 3 | D54: Server Calls and Billing | E54: Section | F54: /adobe-analytics-learning/collect/tracking-calls/server-calls-billing/ | G54: Adobe Analytics Server Calls and Billing | H54: Yes | I54: Every hit is a server call, and every server call is billed. What counts, how calls balloon, and the architectural levers that bring the bill back down. | J54: Yes | K54: 40 | L54: 152 | M54: Yes | N54: Yes | O54: Locked
A55: Collect | B55: tracking-calls | C55: 4 | D55: SPA Tracking | E55: Section | F55: /adobe-analytics-learning/collect/tracking-calls/spa-tracking/ | G55: SPA Tracking in Adobe Analytics | H55: Yes | I55: Single page applications break analytics in two distinct ways. How to tell Adobe a screen changed, how to fix persistence, and why mobile sidesteps it all. | J55: Yes | K55: 31 | L55: 155 | M55: Yes | N55: Yes | O55: Locked
A56: Collect | B56: tracking-calls | C56: 5 | D56: Experience Cloud ID (ECID) | E56: Section | F56: /adobe-analytics-learning/collect/tracking-calls/experience-cloud-id-ecid/ | G56: Experience Cloud ID (ECID) in Adobe Analytics | H56: Yes | I56: This section is not yet written. | J56: Yes | K56: 45 | L56: 32 | M56: No | N56: No | O56: =IF(AND(H56="Yes",J56="Yes",M56="Yes",N56="Yes"),"Yes","No")
A57: Collect | B57: tracking-calls | C57: 6 | D57: Cross-Domain Tracking | E57: Section | F57: /adobe-analytics-learning/collect/tracking-calls/cross-domain-tracking/ | G57: Cross-Domain Tracking in Adobe Analytics | H57: Yes | I57: Why one visitor becomes two the moment they cross a domain, even with identical tags. How to carry the identity across, and the mistakes people make. | J57: Yes | K57: 40 | L57: 149 | M57: Yes | N57: Yes | O57: Locked
A58: Collect | B58: tracking-calls | C58: 7 | D58: First-Party Cookies | E58: Section | F58: /adobe-analytics-learning/collect/tracking-calls/first-party-cookies/ | G58: First-Party Cookies in Adobe Analytics | H58: Yes | I58: First-party cookies are not the same as durable identity. Why identity keeps disappearing, the older fix that no longer holds, and the durable answer today. | J58: Yes | K58: 38 | L58: 156 | M58: Yes | N58: Yes | O58: Locked
A59: Shape | D59: Shape the data | E59: Category landing | F59: /adobe-analytics-learning/shape/ | G59: Shaping Data in Adobe Analytics | H59: Yes | I59: The layer between collection and reporting: processing rules, VISTA rules, marketing channels, and classifications, and the order Adobe applies them. | J59: Yes | K59: 31 | L59: 149 | M59: No | N59: No | O59: =IF(AND(H59="Yes",J59="Yes",M59="Yes",N59="Yes"),"Yes","No")
A60: Shape | B60: classifications | D60: Classifications | E60: Module landing | F60: /adobe-analytics-learning/shape/classifications/ | G60: Classifications in Adobe Analytics | H60: Yes | I60: Give collected data meaning it never carried, retroactively, without touching a line of code. Keys, sets, imports, rules, and silent failure. | J60: Yes | K60: 34 | L60: 141 | M60: No | N60: No | O60: =IF(AND(H60="Yes",J60="Yes",M60="Yes",N60="Yes"),"Yes","No")
A61: Shape | B61: classifications | C61: 1 | D61: Classifications Overview | E61: Section | F61: /adobe-analytics-learning/shape/classifications/classifications-overview/ | H61: No | I61: Adobe Analytics can only report what a server call carried. Classifications get around that, retroactively, without a single line of code. | J61: Yes | K61: 0 | L61: 138 | M61: Yes | N61: No | O61: =IF(AND(H61="Yes",J61="Yes",M61="Yes",N61="Yes"),"Yes","No")
A62: Shape | B62: classifications | C62: 2 | D62: Designing the Key | E62: Section | F62: /adobe-analytics-learning/shape/classifications/designing-the-key/ | H62: No | I62: The key is not a setting. It is the raw value you already collect. Five rules that decide whether classifications work for you or against you. | J62: Yes | K62: 0 | L62: 142 | M62: Yes | N62: No | O62: =IF(AND(H62="Yes",J62="Yes",M62="Yes",N62="Yes"),"Yes","No")
A63: Shape | B63: classifications | C63: 3 | D63: Classification Sets | E63: Section | F63: /adobe-analytics-learning/shape/classifications/classification-sets/ | H63: No | I63: Creating a classification set, step by step: subscriptions, the schema, primary and lookup types, and the identity name you can never change. | J63: Yes | K63: 0 | L63: 141 | M63: Yes | N63: No | O63: =IF(AND(H63="Yes",J63="Yes",M63="Yes",N63="Yes"),"Yes","No")
A64: Shape | B64: classifications | C64: 4 | D64: Importing Classification Data | E64: Section | F64: /adobe-analytics-learning/shape/classifications/importing-classification-data/ | H64: No | I64: A key column and some value columns. The file formats, the template that prevents most failures, deleting data safely, and automating it from cloud storage. | J64: Yes | K64: 0 | L64: 156 | M64: Yes | N64: No | O64: =IF(AND(H64="Yes",J64="Yes",M64="Yes",N64="Yes"),"Yes","No")
A65: Shape | B65: classifications | C65: 5 | D65: Classification Rule Builder | E65: Section | F65: /adobe-analytics-learning/shape/classifications/classification-rule-builder/ | H65: No | I65: Rules read the key you already have and fill the columns for you. Split, regular expressions, rule order, and the rule that quietly eats your curated file. | J65: Yes | K65: 0 | L65: 155 | M65: Yes | N65: No | O65: =IF(AND(H65="Yes",J65="Yes",M65="Yes",N65="Yes"),"Yes","No")
A66: Shape | B66: classifications | C66: 6 | D66: Troubleshooting and Maintenance | E66: Section | F66: /adobe-analytics-learning/shape/classifications/troubleshooting-maintenance/ | H66: No | I66: Classifications do not break. They produce a confident, well-formatted, wrong report. The symptoms, the causes, and why Unspecified is your only witness. | J66: Yes | K66: 0 | L66: 153 | M66: Yes | N66: No | O66: =IF(AND(H66="Yes",J66="Yes",M66="Yes",N66="Yes"),"Yes","No")
A67: Shape | B67: marketing-channels | D67: Marketing Channels | E67: Module landing | F67: /adobe-analytics-learning/shape/marketing-channels/ | G67: Marketing Channels in Adobe Analytics | H67: Yes | I67: Where your traffic actually came from. Channel rules, the processing waterfall, attribution models, engagement periods, and why Direct lies to you. | J67: Yes | K67: 37 | L67: 147 | M67: No | N67: No | O67: =IF(AND(H67="Yes",J67="Yes",M67="Yes",N67="Yes"),"Yes","No")
A68: Shape | B68: marketing-channels | C68: 1 | D68: Marketing Channels Overview | E68: Section | F68: /adobe-analytics-learning/shape/marketing-channels/marketing-channels-overview/ | G68: Marketing Channels Overview in Adobe Analytics | H68: Yes | I68: Why Adobe built Marketing Channels when campaign tracking codes already existed, and what the report is actually answering. | J68: Yes | K68: 46 | L68: 123 | M68: Yes | N68: Yes | O68: Locked
A69: Shape | B69: marketing-channels | C69: 2 | D69: Channel Configuration | E69: Section | F69: /adobe-analytics-learning/shape/marketing-channels/channel-configuration/ | G69: Marketing Channel Configuration in Adobe Analytics | H69: Yes | I69: Naming the channels your business genuinely has, which ones are mandatory, and why this decision is close to permanent once traffic starts flowing. | J69: Yes | K69: 50 | L69: 147 | M69: Yes | N69: Yes | O69: Locked
A70: Shape | B70: marketing-channels | C70: 3 | D70: Marketing Channel Processing Rules | E70: Section | F70: /adobe-analytics-learning/shape/marketing-channels/marketing-channel-processing-rules/ | G70: Marketing Channel Processing Rules in Adobe Analytics | H70: Yes | I70: Marketing channel processing rules run as a waterfall, and order decides everything. What you can match on, and the three facts that will save you. | J70: Yes | K70: 53 | L70: 147 | M70: Yes | N70: Yes | O70: Locked
A71: Shape | B71: marketing-channels | C71: 4 | D71: Channel Attribution | E71: Section | F71: /adobe-analytics-learning/shape/marketing-channels/channel-attribution/ | G71: Marketing Channel Attribution in Adobe Analytics | H71: Yes | I71: First touch, last touch, and everything between. Every attribution model Adobe offers, the same journey scored four ways, and how to choose. | J71: Yes | K71: 48 | L71: 140 | M71: Yes | N71: Yes | O71: Locked
A72: Shape | B72: marketing-channels | C72: 5 | D72: Engagement Periods | E72: Section | F72: /adobe-analytics-learning/shape/marketing-channels/engagement-periods/ | G72: Marketing Channel Engagement Periods in Adobe Analytics | H72: Yes | I72: Visit Engagement, Visitor Engagement, and Session Refresh. What each setting really does, and why engagement periods trip up experienced practitioners. | J72: Yes | K72: 55 | L72: 151 | M72: Yes | N72: Yes | O72: Locked
A73: Shape | B73: marketing-channels | C73: 6 | D73: Marketing Channel Troubleshooting | E73: Section | F73: /adobe-analytics-learning/shape/marketing-channels/marketing-channel-troubleshooting/ | G73: Marketing Channel Troubleshooting in Adobe Analytics | H73: Yes | I73: Marketing channel reports fail quietly and confidently. The seven ways this breaks, the instruments to check, and the order to check them in. | J73: Yes | K73: 52 | L73: 141 | M73: Yes | N73: Yes | O73: Locked
A74: Shape | B74: processing-rules | D74: Processing Rules | E74: Module landing | F74: /adobe-analytics-learning/shape/processing-rules/ | G74: Processing Rules in Adobe Analytics | H74: Yes | I74: Processing rules reshape a hit after it arrives and before it is stored. What they can do, what they cannot undo, and when Launch is the better tool. | J74: Yes | K74: 35 | L74: 149 | M74: No | N74: No | O74: =IF(AND(H74="Yes",J74="Yes",M74="Yes",N74="Yes"),"Yes","No")
A75: Shape | B75: processing-rules | C75: 1 | D75: What Are Processing Rules | E75: Section | F75: /adobe-analytics-learning/shape/processing-rules/what-are-processing-rules/ | G75: What Are Processing Rules in Adobe Analytics | H75: Yes | I75: Why anything sits between collection and reporting at all. What a processing rule is, where it runs in the pipeline, and the guardrails to understand first. | J75: Yes | K75: 44 | L75: 156 | M75: Yes | N75: Yes | O75: Locked
A76: Shape | B76: processing-rules | C76: 2 | D76: Conditions and Actions | E76: Section | F76: /adobe-analytics-learning/shape/processing-rules/conditions-actions/ | G76: Processing Rule Conditions and Actions | H76: Yes | I76: The anatomy of a processing rule. Conditions decide when it acts, actions decide what happens, and order is logic rather than layout. | J76: Yes | K76: 38 | L76: 133 | M76: Yes | N76: Yes | O76: Locked
A77: Shape | B77: processing-rules | C77: 3 | D77: Use Cases and Examples | E77: Section | F77: /adobe-analytics-learning/shape/processing-rules/use-cases-examples/ | G77: Processing Rule Use Cases and Examples | H77: Yes | I77: Five worked processing rules, built one at a time, including one that shows the moment a processing rule is the wrong tool for the job. | J77: Yes | K77: 38 | L77: 135 | M77: Yes | N77: Yes | O77: Locked
A78: Shape | B78: processing-rules | C78: 4 | D78: Limitations and Best Practices | E78: Section | F78: /adobe-analytics-learning/shape/processing-rules/limitations-best-practices/ | G78: Processing Rule Limitations and Best Practices | H78: Yes | I78: Processing rules are permanent, immediate, and not retroactive. The limits are the shape of the tool, the mistakes they invite, and when Launch is better. | J78: Yes | K78: 46 | L78: 154 | M78: Yes | N78: Yes | O78: Locked
A79: Shape | B79: vista-rules | D79: VISTA Rules | E79: Module landing | F79: /adobe-analytics-learning/shape/vista-rules/ | G79: VISTA Rules in Adobe Analytics | H79: Yes | I79: What VISTA rules are, why Adobe still offers them, what they cost, and the cheaper tools you should rule out before you ever ask for one. | J79: Yes | K79: 30 | L79: 137 | M79: No | N79: No | O79: =IF(AND(H79="Yes",J79="Yes",M79="Yes",N79="Yes"),"Yes","No")
A80: Shape | B80: vista-rules | C80: 1 | D80: What Are VISTA Rules | E80: Section | F80: /adobe-analytics-learning/shape/vista-rules/what-are-vista-rules/ | G80: What Are VISTA Rules in Adobe Analytics | H80: Yes | I80: What a VISTA rule is, where it sits in the pipeline, what it can do that a processing rule cannot, and why Adobe calls it a last resort. | J80: Yes | K80: 39 | L80: 136 | M80: Yes | N80: Yes | O80: Locked
A81: Shape | B81: vista-rules | C81: 2 | D81: When to Use VISTA Rules | E81: Section | F81: /adobe-analytics-learning/shape/vista-rules/when-to-use-vista-rules/ | G81: When to Use VISTA Rules in Adobe Analytics | H81: Yes | I81: Start from no. The cheaper tools to rule out first, the signs it really is a VISTA problem, and how to request and maintain one if it is. | J81: Yes | K81: 42 | L81: 137 | M81: Yes | N81: Yes | O81: Locked
A82: Shape | B82: vista-rules | C82: 3 | D82: Common VISTA Rules | E82: Section | F82: /adobe-analytics-learning/shape/vista-rules/common-vista-rules/ | G82: Common VISTA Rules in Adobe Analytics | H82: Yes | I82: The VISTA rules people actually use: copying hits to a second report suite, routing traffic, fixing what the console cannot reach, and DB VISTA lookups. | J82: Yes | K82: 37 | L82: 152 | M82: Yes | N82: Yes | O82: Locked
A83: Analyze | D83: Analyze the data | E83: Category landing | F83: /adobe-analytics-learning/analyze/ | G83: Analyzing Data in Adobe Analytics | H83: Yes | I83: Turning collected data into answers: calculated metrics, segments, Analysis Workspace, attribution, and the exports for questions the interface cannot answer. | J83: Yes | K83: 33 | L83: 158 | M83: No | N83: No | O83: =IF(AND(H83="Yes",J83="Yes",M83="Yes",N83="Yes"),"Yes","No")
A84: Analyze | B84: activity-map | D84: Activity Map | E84: Module landing | F84: /adobe-analytics-learning/analyze/activity-map/ | G84: Activity Map in Adobe Analytics | H84: Yes | I84: Activity Map shows you what people actually clicked, and where on the page they clicked it. Setting it up, reading it, and its blind spots. | J84: Yes | K84: 31 | L84: 139 | M84: No | N84: No | O84: =IF(AND(H84="Yes",J84="Yes",M84="Yes",N84="Yes"),"Yes","No")
A85: Analyze | B85: activity-map | C85: 1 | D85: Activity Map Overview | E85: Section | F85: /adobe-analytics-learning/analyze/activity-map/activity-map-overview/ | H85: No | I85: Activity Map is a browser-based tool that visually displays link activity on your web pages, showing which links get the most clicks through … | J85: Yes | K85: 0 | L85: 142 | M85: No | N85: No | O85: =IF(AND(H85="Yes",J85="Yes",M85="Yes",N85="Yes"),"Yes","No")
A86: Analyze | B86: activity-map | C86: 2 | D86: Implementation and Setup | E86: Section | F86: /adobe-analytics-learning/analyze/activity-map/implementation-setup/ | H86: No | I86: Activity Map requires enabling the module in your implementation and installing the browser extension. Implementation Requirements MethodRequirement … | J86: Yes | K86: 0 | L86: 150 | M86: No | N86: No | O86: =IF(AND(H86="Yes",J86="Yes",M86="Yes",N86="Yes"),"Yes","No")
A87: Analyze | B87: activity-map | C87: 3 | D87: Using Activity Map | E87: Section | F87: /adobe-analytics-learning/analyze/activity-map/using-activity-map/ | H87: No | I87: Once installed, Activity Map provides several views and tools for analyzing link clicks. Main Views ViewDescriptionUse Case Overlay ModeBubbles … | J87: Yes | K87: 0 | L87: 145 | M87: No | N87: No | O87: =IF(AND(H87="Yes",J87="Yes",M87="Yes",N87="Yes"),"Yes","No")
A88: Analyze | B88: activity-map | C88: 4 | D88: Activity Map Best Practices | E88: Section | F88: /adobe-analytics-learning/analyze/activity-map/activity-map-best-practices/ | H88: No | I88: Get the most out of Activity Map with these tips and solutions to common issues. Best Practices Use s_objectID: Implement custom link IDs for … | J88: Yes | K88: 0 | L88: 143 | M88: No | N88: No | O88: =IF(AND(H88="Yes",J88="Yes",M88="Yes",N88="Yes"),"Yes","No")
A89: Analyze | B89: analysis-workspace | D89: Analysis Workspace | E89: Module landing | F89: /adobe-analytics-learning/analyze/analysis-workspace/ | G89: Analysis Workspace in Adobe Analytics | H89: Yes | I89: Analysis Workspace is where the data finally answers back. Panels, visualizations, freeform tables, and sharing work people will actually use. | J89: Yes | K89: 37 | L89: 142 | M89: No | N89: No | O89: =IF(AND(H89="Yes",J89="Yes",M89="Yes",N89="Yes"),"Yes","No")
A90: Analyze | B90: analysis-workspace | C90: 1 | D90: Analysis Workspace Overview | E90: Section | F90: /adobe-analytics-learning/analyze/analysis-workspace/analysis-workspace-overview/ | H90: No | I90: Analysis Workspace is Adobe Analytics' powerful, flexible canvas for building custom analysis projects. It's the primary interface for data … | J90: Yes | K90: 0 | L90: 141 | M90: No | N90: No | O90: =IF(AND(H90="Yes",J90="Yes",M90="Yes",N90="Yes"),"Yes","No")
A91: Analyze | B91: analysis-workspace | C91: 2 | D91: Projects and Panels | E91: Section | F91: /adobe-analytics-learning/analyze/analysis-workspace/projects-and-panels/ | G91: Projects and Panels in Analysis Workspace | H91: Yes | I91: Panels are containers that hold visualizations and tables. Each panel can have its own date range and segments. Panel Types PanelPurposeKey Features … | J91: Yes | K91: 41 | L91: 150 | M91: No | N91: No | O91: =IF(AND(H91="Yes",J91="Yes",M91="Yes",N91="Yes"),"Yes","No")
A92: Analyze | B92: analysis-workspace | C92: 3 | D92: Freeform Tables | E92: Section | F92: /adobe-analytics-learning/analyze/analysis-workspace/freeform-tables/ | H92: No | I92: Freeform tables are the foundation of Analysis Workspace, providing flexible, pivot-table-like analysis capabilities. Table Building Basics Rows: Drag … | J92: Yes | K92: 0 | L92: 152 | M92: No | N92: No | O92: =IF(AND(H92="Yes",J92="Yes",M92="Yes",N92="Yes"),"Yes","No")
A93: Analyze | B93: analysis-workspace | C93: 4 | D93: Visualizations | E93: Section | F93: /adobe-analytics-learning/analyze/analysis-workspace/visualizations/ | H93: No | I93: Visualizations transform data into charts, graphs, and other visual formats for easier interpretation. Common Visualizations VisualizationBest ForData … | J93: Yes | K93: 0 | L93: 152 | M93: No | N93: No | O93: =IF(AND(H93="Yes",J93="Yes",M93="Yes",N93="Yes"),"Yes","No")
A94: Analyze | B94: analysis-workspace | C94: 5 | D94: Cohort Analysis | E94: Section | F94: /adobe-analytics-learning/analyze/analysis-workspace/cohort-analysis/ | G94: Cohort Analysis in Analysis Workspace | H94: Yes | I94: This section is not yet written. | J94: Yes | K94: 37 | L94: 32 | M94: No | N94: No | O94: =IF(AND(H94="Yes",J94="Yes",M94="Yes",N94="Yes"),"Yes","No")
A95: Analyze | B95: analysis-workspace | C95: 6 | D95: Fallout and Flow Analysis | E95: Section | F95: /adobe-analytics-learning/analyze/analysis-workspace/fallout-and-flow-analysis/ | G95: Fallout and Flow Analysis in Analysis Workspace | H95: Yes | I95: This section is not yet written. | J95: Yes | K95: 47 | L95: 32 | M95: No | N95: No | O95: =IF(AND(H95="Yes",J95="Yes",M95="Yes",N95="Yes"),"Yes","No")
A96: Analyze | B96: analysis-workspace | C96: 7 | D96: Anomaly Detection and Contribution Analysis | E96: Section | F96: /adobe-analytics-learning/analyze/analysis-workspace/anomaly-detection-contribution-analysis/ | G96: Anomaly Detection in Adobe Analytics | H96: Yes | I96: Adobe Analytics uses machine learning to automatically detect unusual patterns in your data and identify factors contributing to anomalies. Anomaly … | J96: Yes | K96: 36 | L96: 149 | M96: No | N96: No | O96: =IF(AND(H96="Yes",J96="Yes",M96="Yes",N96="Yes"),"Yes","No")
A97: Analyze | B97: analysis-workspace | C97: 8 | D97: Curation and Templates | E97: Section | F97: /adobe-analytics-learning/analyze/analysis-workspace/curation-and-templates/ | G97: Curating Workspace Projects and Templates | H97: Yes | I97: This section is not yet written. | J97: Yes | K97: 41 | L97: 32 | M97: No | N97: No | O97: =IF(AND(H97="Yes",J97="Yes",M97="Yes",N97="Yes"),"Yes","No")
A98: Analyze | B98: analysis-workspace | C98: 9 | D98: Sharing and Collaboration | E98: Section | F98: /adobe-analytics-learning/analyze/analysis-workspace/sharing-collaboration/ | G98: Sharing Analysis Workspace Projects | H98: Yes | I98: Analysis Workspace provides multiple ways to share insights with stakeholders. Sharing Options MethodUse CaseRecipient Needs Share ProjectCollaborate … | J98: Yes | K98: 35 | L98: 151 | M98: No | N98: No | O98: =IF(AND(H98="Yes",J98="Yes",M98="Yes",N98="Yes"),"Yes","No")
A99: Analyze | B99: analysis-workspace | C99: 10 | D99: Workspace Performance and Limits | E99: Section | F99: /adobe-analytics-learning/analyze/analysis-workspace/workspace-performance-and-limits/ | G99: Analysis Workspace Performance and Limits | H99: Yes | I99: This section is not yet written. | J99: Yes | K99: 41 | L99: 32 | M99: No | N99: No | O99: =IF(AND(H99="Yes",J99="Yes",M99="Yes",N99="Yes"),"Yes","No")
A100: Analyze | B100: attribution-models | D100: Attribution Models | E100: Module landing | F100: /adobe-analytics-learning/analyze/attribution-models/ | G100: Attribution Models in Adobe Analytics | H100: Yes | I100: How Adobe decides which touchpoint earns a conversion, which model to choose, and what a lookback window really does. | J100: Yes | K100: 37 | L100: 117 | M100: No | N100: No | O100: =IF(AND(H100="Yes",J100="Yes",M100="Yes",N100="Yes"),"Yes","No")
...

Sheet Summary
A1: Adobe Analytics Learning — Completion Tracker
A2: Generated from the live build. 144 real pages (alias/redirect stubs excluded). Content-complete = the 66 sections in the 12 modules through Segments. Regenerate at each module sign-off.
A4: Metric | B4: Done | C4: Total | D4: Percent
A5: SEO title complete | B5: =COUNTIF(Pages!H2:H145,"Yes") | C5: 144 | D5: =B5/C5
A6: SEO description complete | B6: =COUNTIF(Pages!J2:J145,"Yes") | C6: 144 | D6: =B6/C6
A7: Content created | B7: =COUNTIF(Pages!M2:M145,"Yes") | C7: 144 | D7: =B7/C7
A8: Content QA'd (approved) | B8: =COUNTIF(Pages!N2:N145,"Yes") | C8: 144 | D8: =B8/C8
A9: Final result (fully done) | B9: =COUNTIF(Pages!O2:O145,"Yes") | C9: 144 | D9: =B9/C9
A11: Per phase (all page types)
A12: Phase | B12: Pages | C12: Content created | D12: QA'd | E12: Fully done | F12: Done %
A13: Foundations | B13: =COUNTIF(Pages!A2:A145,"Foundations") | C13: =COUNTIFS(Pages!A2:A145,"Foundations",Pages!M2:M145,"Yes") | D13: =COUNTIFS(Pages!A2:A145,"Foundations",Pages!N2:N145,"Yes") | E13: =COUNTIFS(Pages!A2:A145,"Foundations",Pages!O2:O145,"Yes") | F13: =IF(B13=0,0,E13/B13)
A14: Collect | B14: =COUNTIF(Pages!A2:A145,"Collect") | C14: =COUNTIFS(Pages!A2:A145,"Collect",Pages!M2:M145,"Yes") | D14: =COUNTIFS(Pages!A2:A145,"Collect",Pages!N2:N145,"Yes") | E14: =COUNTIFS(Pages!A2:A145,"Collect",Pages!O2:O145,"Yes") | F14: =IF(B14=0,0,E14/B14)
A15: Shape | B15: =COUNTIF(Pages!A2:A145,"Shape") | C15: =COUNTIFS(Pages!A2:A145,"Shape",Pages!M2:M145,"Yes") | D15: =COUNTIFS(Pages!A2:A145,"Shape",Pages!N2:N145,"Yes") | E15: =COUNTIFS(Pages!A2:A145,"Shape",Pages!O2:O145,"Yes") | F15: =IF(B15=0,0,E15/B15)
A16: Analyze | B16: =COUNTIF(Pages!A2:A145,"Analyze") | C16: =COUNTIFS(Pages!A2:A145,"Analyze",Pages!M2:M145,"Yes") | D16: =COUNTIFS(Pages!A2:A145,"Analyze",Pages!N2:N145,"Yes") | E16: =COUNTIFS(Pages!A2:A145,"Analyze",Pages!O2:O145,"Yes") | F16: =IF(B16=0,0,E16/B16)
A17: Deliver | B17: =COUNTIF(Pages!A2:A145,"Deliver") | C17: =COUNTIFS(Pages!A2:A145,"Deliver",Pages!M2:M145,"Yes") | D17: =COUNTIFS(Pages!A2:A145,"Deliver",Pages!N2:N145,"Yes") | E17: =COUNTIFS(Pages!A2:A145,"Deliver",Pages!O2:O145,"Yes") | F17: =IF(B17=0,0,E17/B17)
